
INSERT INTO scores (id, overall_score) VALUES (1, 2);
INSERT INTO scores (id, overall_score) VALUES (2, 3);
INSERT INTO scores (id, overall_score) VALUES (3, 4);
INSERT INTO scores (id, overall_score) VALUES (4, 5);



INSERT INTO journal (id, class_name, classname_student, date_lesson, fullname_course, homework, number_lesson, school_building, shortname_course, time_break, time_lesson) VALUES (1,'room 115','11A','2020-06-08 03:00:00.000000', 'English language','write, read some page',4,'Building №1','English','Break 10 min','11:50 - 12:35');
INSERT INTO journal (id, class_name, classname_student, date_lesson, fullname_course, homework, number_lesson, school_building, shortname_course, time_break, time_lesson) VALUES (2,'room 201','11A','2020-06-16 03:00:00.000000', 'Literature','write, read some page',2,'Building №1','Literature','Break 10 min','09:55 - 10:40');
INSERT INTO journal (id, class_name, classname_student, date_lesson, fullname_course, homework, number_lesson, school_building, shortname_course, time_break, time_lesson) VALUES (3,'room 305','11A','2020-06-08 03:00:00.000000', 'Physics','write, read some page',2,'Building №1','Physics','Break 10 min','09:55 - 10:40');
INSERT INTO journal (id, class_name, classname_student, date_lesson, fullname_course, homework, number_lesson, school_building, shortname_course, time_break, time_lesson) VALUES (4,'room 221','11A','2020-06-08 03:00:00.000000', 'Сomputer science','write, read some page',8,'Building №1','Сomputer science','','15:15 - 15:55');
INSERT INTO journal (id, class_name, classname_student, date_lesson, fullname_course, homework, number_lesson, school_building, shortname_course, time_break, time_lesson) VALUES (5,'room 115','11A','2020-06-15 03:00:00.000000', 'English language','write, read some page',1,'Building №1','English','Break 10 min','09:00 - 09:45');
INSERT INTO journal (id, class_name, classname_student, date_lesson, fullname_course, homework, number_lesson, school_building, shortname_course, time_break, time_lesson) VALUES (6,'room 201','11A','2020-06-08 03:00:00.000000', 'Literature','write, read some page',3,'Building №1','Literature','Break 15 min','10:50 - 11:35');
INSERT INTO journal (id, class_name, classname_student, date_lesson, fullname_course, homework, number_lesson, school_building, shortname_course, time_break, time_lesson) VALUES (7,'room 221','11A','2020-06-08 03:00:00.000000', 'Сomputer science','write, read some page',6,'Building №1','Сomputer science','Break 15 min','13:35 - 14:15');
INSERT INTO journal (id, class_name, classname_student, date_lesson, fullname_course, homework, number_lesson, school_building, shortname_course, time_break, time_lesson) VALUES (8,'room 115','11A','2020-06-08 03:00:00.000000', 'English language','write, read some page',5,'Building №1','English','Break 5 min','12:45 - 13:30');
INSERT INTO journal (id, class_name, classname_student, date_lesson, fullname_course, homework, number_lesson, school_building, shortname_course, time_break, time_lesson) VALUES (9,'room 305','11A','2020-06-08 03:00:00.000000', 'Physics','write, read some page',7,'Building №1','Physics','Break 5 min','14:30 - 15:10');
INSERT INTO journal (id, class_name, classname_student, date_lesson, fullname_course, homework, number_lesson, school_building, shortname_course, time_break, time_lesson) VALUES (10,'room 221','11B','2020-06-25 03:00:00.000000', 'Сomputer science','write, read some page',5,'Building №2','Сomputer science','Break 5 min','12:45 - 13:30');
INSERT INTO journal (id, class_name, classname_student, date_lesson, fullname_course, homework, number_lesson, school_building, shortname_course, time_break, time_lesson) VALUES (11,'room 315','11B','2020-06-26 03:00:00.000000', 'Algebra','write, read some page',3,'Building №2','Algebra','Break 15 min','10:50 - 11:35');
INSERT INTO journal (id, class_name, classname_student, date_lesson, fullname_course, homework, number_lesson, school_building, shortname_course, time_break, time_lesson) VALUES (12,'room 305','11B','2020-06-28 03:00:00.000000', 'Physics','write, read some page',1,'Building №2','Physics','Break 10 min','09:00 - 09:45');
INSERT INTO journal (id, class_name, classname_student, date_lesson, fullname_course, homework, number_lesson, school_building, shortname_course, time_break, time_lesson) VALUES (13,'room 115','11B','2020-06-29 03:00:00.000000', 'English language','write, read some page',4,'Building №2','English','Break 10 min','11:50 - 12:35');
INSERT INTO journal (id, class_name, classname_student, date_lesson, fullname_course, homework, number_lesson, school_building, shortname_course, time_break, time_lesson) VALUES (14,'room 115','11B','2020-07-17 03:00:00.000000', 'English language','write, read some page',3,'Building №2','English','Break 15 min','10:50 - 11:35');
INSERT INTO journal (id, class_name, classname_student, date_lesson, fullname_course, homework, number_lesson, school_building, shortname_course, time_break, time_lesson) VALUES (15,'room 221','11A','2020-07-10 03:00:00.000000', 'Сomputer science','Lets code on Java',3,'Building №2','Сomputer science','Break 15 min','10:50 - 11:35');

INSERT INTO student (id, email, first_name, last_name, middle_name, class_name, password, role) VALUES (1,'holyavenko.91@mail.ru','Andrey','Holyavenko','Vladimirovich','11A','123','student');
INSERT INTO student (id, email, first_name, last_name, middle_name, class_name, password, role) VALUES (2,'devil.91.91@mail.ru','Vasiliy','Abramov','Petrovich','11B','123','student');
INSERT INTO student (id, email, first_name, last_name, middle_name, class_name, password, role) VALUES (3,'holyavenko.9@mail.ru','Ilya','Petrov','Alexandrovich','11B','123','student');
INSERT INTO student (id, email, first_name, last_name, middle_name, class_name, password, role) VALUES (4,'boria@mail.ru','Denis','Borisov','Antonovich','11A','123','student');
INSERT INTO student (id, email, first_name, last_name, middle_name, class_name, password, role) VALUES (5,'ivanov@yahoo.com','Ivan','Ivanov','Ivanovich','11B','123','student');


INSERT INTO teacher (id, email, first_name, last_name, middle_name, password, role) VALUES (1,'hol@mail.ru','er','er','er','123','teacher');


INSERT INTO journal_students  (journal_id, student_id) VALUES (1, 1);
INSERT INTO journal_students  (journal_id, student_id) VALUES (2, 1);
INSERT INTO journal_students  (journal_id, student_id) VALUES (3, 1);
INSERT INTO journal_students  (journal_id, student_id) VALUES (4, 1);
INSERT INTO journal_students  (journal_id, student_id) VALUES (5, 1);
INSERT INTO journal_students  (journal_id, student_id) VALUES (6, 1);
INSERT INTO journal_students  (journal_id, student_id) VALUES (7, 1);
INSERT INTO journal_students  (journal_id, student_id) VALUES (8, 1);
INSERT INTO journal_students  (journal_id, student_id) VALUES (9, 1);
INSERT INTO journal_students  (journal_id, student_id) VALUES (15, 1);
INSERT INTO journal_students  (journal_id, student_id) VALUES (10, 2);
INSERT INTO journal_students  (journal_id, student_id) VALUES (11, 2);
INSERT INTO journal_students  (journal_id, student_id) VALUES (12, 2);
INSERT INTO journal_students  (journal_id, student_id) VALUES (13, 2);
INSERT INTO journal_students  (journal_id, student_id) VALUES (14, 2);
INSERT INTO journal_students  (journal_id, student_id) VALUES (10, 3);
INSERT INTO journal_students  (journal_id, student_id) VALUES (11, 3);
INSERT INTO journal_students  (journal_id, student_id) VALUES (12, 3);
INSERT INTO journal_students  (journal_id, student_id) VALUES (13, 3);
INSERT INTO journal_students  (journal_id, student_id) VALUES (14, 3);
INSERT INTO journal_students  (journal_id, student_id) VALUES (1, 4);
INSERT INTO journal_students  (journal_id, student_id) VALUES (2, 4);
INSERT INTO journal_students  (journal_id, student_id) VALUES (3, 4);
INSERT INTO journal_students  (journal_id, student_id) VALUES (4, 4);
INSERT INTO journal_students  (journal_id, student_id) VALUES (5, 4);
INSERT INTO journal_students  (journal_id, student_id) VALUES (6, 4);
INSERT INTO journal_students  (journal_id, student_id) VALUES (7, 4);
INSERT INTO journal_students  (journal_id, student_id) VALUES (8, 4);
INSERT INTO journal_students  (journal_id, student_id) VALUES (9, 4);
INSERT INTO journal_students  (journal_id, student_id) VALUES (15, 4);
INSERT INTO journal_students  (journal_id, student_id) VALUES (10, 5);
INSERT INTO journal_students  (journal_id, student_id) VALUES (11, 5);
INSERT INTO journal_students  (journal_id, student_id) VALUES (12, 5);
INSERT INTO journal_students  (journal_id, student_id) VALUES (13, 5);
INSERT INTO journal_students  (journal_id, student_id) VALUES (14, 5);





INSERT INTO journal_student_score   (journal_id, student_id, score_id) VALUES (10, 3, 4);
INSERT INTO journal_student_score   (journal_id, student_id, score_id) VALUES (1, 1, 4);
INSERT INTO journal_student_score   (journal_id, student_id, score_id) VALUES (5, 1, 3);
INSERT INTO journal_student_score   (journal_id, student_id, score_id) VALUES (11, 5, 4);
INSERT INTO journal_student_score   (journal_id, student_id, score_id) VALUES (12, 2, 2);
INSERT INTO journal_student_score   (journal_id, student_id, score_id) VALUES (15, 1, 2);
INSERT INTO journal_student_score   (journal_id, student_id, score_id) VALUES (14, 5, 1);
INSERT INTO journal_student_score   (journal_id, student_id, score_id) VALUES (9, 1, 1);
INSERT INTO journal_student_score   (journal_id, student_id, score_id) VALUES (2, 4, 4);
INSERT INTO journal_student_score   (journal_id, student_id, score_id) VALUES (8, 4, 3);
INSERT INTO journal_student_score   (journal_id, student_id, score_id) VALUES (7, 4, 1);
INSERT INTO journal_student_score   (journal_id, student_id, score_id) VALUES (4, 4, 2);
